{
  "Calculate Route" : {
    "transaction" : "Calculate Route",
    "sampleCount" : 100,
    "errorCount" : 0,
    "errorPct" : 0.0,
    "meanResTime" : 3.57,
    "medianResTime" : 2.0,
    "minResTime" : 1.0,
    "maxResTime" : 73.0,
    "pct1ResTime" : 4.0,
    "pct2ResTime" : 5.0,
    "pct3ResTime" : 72.7999999999999,
    "throughput" : 118.7648456057007,
    "receivedKBytesPerSec" : 73.8800846199525,
    "sentKBytesPerSec" : 43.49298545130642
  },
  "Total" : {
    "transaction" : "Total",
    "sampleCount" : 100,
    "errorCount" : 0,
    "errorPct" : 0.0,
    "meanResTime" : 3.57,
    "medianResTime" : 2.0,
    "minResTime" : 1.0,
    "maxResTime" : 73.0,
    "pct1ResTime" : 4.0,
    "pct2ResTime" : 5.0,
    "pct3ResTime" : 72.7999999999999,
    "throughput" : 118.7648456057007,
    "receivedKBytesPerSec" : 73.8800846199525,
    "sentKBytesPerSec" : 43.49298545130642
  }
}