{
  "Get Notifications By User" : {
    "transaction" : "Get Notifications By User",
    "sampleCount" : 100,
    "errorCount" : 0,
    "errorPct" : 0.0,
    "meanResTime" : 12.829999999999998,
    "medianResTime" : 3.0,
    "minResTime" : 2.0,
    "maxResTime" : 52.0,
    "pct1ResTime" : 51.0,
    "pct2ResTime" : 52.0,
    "pct3ResTime" : 52.0,
    "throughput" : 113.89521640091115,
    "receivedKBytesPerSec" : 32.92283599088838,
    "sentKBytesPerSec" : 29.697287870159453
  },
  "Mark Notification As Read" : {
    "transaction" : "Mark Notification As Read",
    "sampleCount" : 100,
    "errorCount" : 0,
    "errorPct" : 0.0,
    "meanResTime" : 6.760000000000002,
    "medianResTime" : 2.0,
    "minResTime" : 1.0,
    "maxResTime" : 33.0,
    "pct1ResTime" : 26.0,
    "pct2ResTime" : 29.94999999999999,
    "pct3ResTime" : 33.0,
    "throughput" : 125.47051442910917,
    "receivedKBytesPerSec" : 37.00399937264743,
    "sentKBytesPerSec" : 30.87750941028858
  },
  "Get Connected Clients" : {
    "transaction" : "Get Connected Clients",
    "sampleCount" : 100,
    "errorCount" : 0,
    "errorPct" : 0.0,
    "meanResTime" : 3.820000000000002,
    "medianResTime" : 2.0,
    "minResTime" : 1.0,
    "maxResTime" : 19.0,
    "pct1ResTime" : 12.900000000000006,
    "pct2ResTime" : 16.94999999999999,
    "pct3ResTime" : 19.0,
    "throughput" : 124.68827930174564,
    "receivedKBytesPerSec" : 35.67740804239401,
    "sentKBytesPerSec" : 26.788497506234414
  },
  "Total" : {
    "transaction" : "Total",
    "sampleCount" : 400,
    "errorCount" : 0,
    "errorPct" : 0.0,
    "meanResTime" : 7.917500000000005,
    "medianResTime" : 3.0,
    "minResTime" : 1.0,
    "maxResTime" : 52.0,
    "pct1ResTime" : 25.0,
    "pct2ResTime" : 34.89999999999998,
    "pct3ResTime" : 52.0,
    "throughput" : 453.00113250283124,
    "receivedKBytesPerSec" : 157.59927095130237,
    "sentKBytesPerSec" : 110.70657559456399
  },
  "Get Notifications By Order" : {
    "transaction" : "Get Notifications By Order",
    "sampleCount" : 100,
    "errorCount" : 0,
    "errorPct" : 0.0,
    "meanResTime" : 8.26,
    "medianResTime" : 3.0,
    "minResTime" : 1.0,
    "maxResTime" : 50.0,
    "pct1ResTime" : 25.0,
    "pct2ResTime" : 26.0,
    "pct3ResTime" : 49.84999999999992,
    "throughput" : 121.21212121212122,
    "receivedKBytesPerSec" : 63.21022727272727,
    "sentKBytesPerSec" : 31.013257575757578
  }
}