{
  "Get Deliveries" : {
    "transaction" : "Get Deliveries",
    "sampleCount" : 100,
    "errorCount" : 0,
    "errorPct" : 0.0,
    "meanResTime" : 16.88,
    "medianResTime" : 12.5,
    "minResTime" : 2.0,
    "maxResTime" : 41.0,
    "pct1ResTime" : 39.0,
    "pct2ResTime" : 40.0,
    "pct3ResTime" : 41.0,
    "throughput" : 124.84394506866417,
    "receivedKBytesPerSec" : 47.30415106117353,
    "sentKBytesPerSec" : 28.772627965043693
  },
  "Create Delivery Person" : {
    "transaction" : "Create Delivery Person",
    "sampleCount" : 100,
    "errorCount" : 0,
    "errorPct" : 0.0,
    "meanResTime" : 15.280000000000012,
    "medianResTime" : 10.5,
    "minResTime" : 2.0,
    "maxResTime" : 41.0,
    "pct1ResTime" : 39.0,
    "pct2ResTime" : 39.0,
    "pct3ResTime" : 41.0,
    "throughput" : 130.89005235602093,
    "receivedKBytesPerSec" : 59.05391034031413,
    "sentKBytesPerSec" : 56.62528632198953
  },
  "Get Delivery Person By ID" : {
    "transaction" : "Get Delivery Person By ID",
    "sampleCount" : 100,
    "errorCount" : 0,
    "errorPct" : 0.0,
    "meanResTime" : 15.970000000000002,
    "medianResTime" : 13.0,
    "minResTime" : 2.0,
    "maxResTime" : 41.0,
    "pct1ResTime" : 35.900000000000006,
    "pct2ResTime" : 39.94999999999999,
    "pct3ResTime" : 41.0,
    "throughput" : 121.50668286755771,
    "receivedKBytesPerSec" : 56.71893985419199,
    "sentKBytesPerSec" : 29.664717496962336
  },
  "Total" : {
    "transaction" : "Total",
    "sampleCount" : 500,
    "errorCount" : 0,
    "errorPct" : 0.0,
    "meanResTime" : 22.138000000000005,
    "medianResTime" : 14.0,
    "minResTime" : 2.0,
    "maxResTime" : 209.0,
    "pct1ResTime" : 45.80000000000007,
    "pct2ResTime" : 62.0,
    "pct3ResTime" : 127.86000000000013,
    "throughput" : 556.7928730512249,
    "receivedKBytesPerSec" : 282.855129454343,
    "sentKBytesPerSec" : 166.27662165924275
  },
  "Update Delivery Person Status" : {
    "transaction" : "Update Delivery Person Status",
    "sampleCount" : 100,
    "errorCount" : 0,
    "errorPct" : 0.0,
    "meanResTime" : 40.70000000000002,
    "medianResTime" : 18.0,
    "minResTime" : 8.0,
    "maxResTime" : 209.0,
    "pct1ResTime" : 96.9,
    "pct2ResTime" : 127.29999999999984,
    "pct3ResTime" : 208.57999999999979,
    "throughput" : 136.23978201634878,
    "receivedKBytesPerSec" : 67.58770435967303,
    "sentKBytesPerSec" : 46.56633174386921
  },
  "Get Delivery Persons" : {
    "transaction" : "Get Delivery Persons",
    "sampleCount" : 100,
    "errorCount" : 0,
    "errorPct" : 0.0,
    "meanResTime" : 21.859999999999996,
    "medianResTime" : 17.0,
    "minResTime" : 3.0,
    "maxResTime" : 62.0,
    "pct1ResTime" : 58.0,
    "pct2ResTime" : 58.0,
    "pct3ResTime" : 61.97999999999999,
    "throughput" : 113.50737797956867,
    "receivedKBytesPerSec" : 84.79799233825199,
    "sentKBytesPerSec" : 27.711762202043133
  }
}