{
  "Get Active Trackings" : {
    "transaction" : "Get Active Trackings",
    "sampleCount" : 100,
    "errorCount" : 0,
    "errorPct" : 0.0,
    "meanResTime" : 3.3700000000000006,
    "medianResTime" : 2.0,
    "minResTime" : 2.0,
    "maxResTime" : 50.0,
    "pct1ResTime" : 4.0,
    "pct2ResTime" : 5.0,
    "pct3ResTime" : 49.71999999999986,
    "throughput" : 117.23329425556858,
    "receivedKBytesPerSec" : 33.77326348182884,
    "sentKBytesPerSec" : 28.85038100820633
  },
  "Total" : {
    "transaction" : "Total",
    "sampleCount" : 100,
    "errorCount" : 0,
    "errorPct" : 0.0,
    "meanResTime" : 3.3700000000000006,
    "medianResTime" : 2.0,
    "minResTime" : 2.0,
    "maxResTime" : 50.0,
    "pct1ResTime" : 4.0,
    "pct2ResTime" : 5.0,
    "pct3ResTime" : 49.71999999999986,
    "throughput" : 117.23329425556858,
    "receivedKBytesPerSec" : 33.77326348182884,
    "sentKBytesPerSec" : 28.85038100820633
  }
}