{
  "Total" : {
    "transaction" : "Total",
    "sampleCount" : 400,
    "errorCount" : 0,
    "errorPct" : 0.0,
    "meanResTime" : 813.6624999999998,
    "medianResTime" : 258.5,
    "minResTime" : 3.0,
    "maxResTime" : 4867.0,
    "pct1ResTime" : 3165.2000000000016,
    "pct2ResTime" : 3974.4999999999995,
    "pct3ResTime" : 4717.9400000000005,
    "throughput" : 64.28801028608166,
    "receivedKBytesPerSec" : 96.36060174582127,
    "sentKBytesPerSec" : 17.767096592735452
  },
  "Update Order Status" : {
    "transaction" : "Update Order Status",
    "sampleCount" : 100,
    "errorCount" : 0,
    "errorPct" : 0.0,
    "meanResTime" : 9.250000000000002,
    "medianResTime" : 4.0,
    "minResTime" : 3.0,
    "maxResTime" : 94.0,
    "pct1ResTime" : 6.0,
    "pct2ResTime" : 71.79999999999973,
    "pct3ResTime" : 94.0,
    "throughput" : 19.58863858961802,
    "receivedKBytesPerSec" : 10.78905484818805,
    "sentKBytesPerSec" : 5.203232125367286
  },
  "Get Order By ID" : {
    "transaction" : "Get Order By ID",
    "sampleCount" : 100,
    "errorCount" : 0,
    "errorPct" : 0.0,
    "meanResTime" : 310.24,
    "medianResTime" : 313.5,
    "minResTime" : 192.0,
    "maxResTime" : 453.0,
    "pct1ResTime" : 388.0,
    "pct2ResTime" : 440.7499999999995,
    "pct3ResTime" : 452.96999999999997,
    "throughput" : 80.84074373484236,
    "receivedKBytesPerSec" : 35.92044765561843,
    "sentKBytesPerSec" : 21.552268593371057
  },
  "Get Orders" : {
    "transaction" : "Get Orders",
    "sampleCount" : 100,
    "errorCount" : 0,
    "errorPct" : 0.0,
    "meanResTime" : 218.57000000000005,
    "medianResTime" : 213.5,
    "minResTime" : 98.0,
    "maxResTime" : 307.0,
    "pct1ResTime" : 280.70000000000005,
    "pct2ResTime" : 292.69999999999993,
    "pct3ResTime" : 306.91999999999996,
    "throughput" : 87.18395815170008,
    "receivedKBytesPerSec" : 408.24910091543154,
    "sentKBytesPerSec" : 21.370286617262423
  },
  "Create Order" : {
    "transaction" : "Create Order",
    "sampleCount" : 100,
    "errorCount" : 0,
    "errorPct" : 0.0,
    "meanResTime" : 2716.590000000001,
    "medianResTime" : 2703.0,
    "minResTime" : 645.0,
    "maxResTime" : 4867.0,
    "pct1ResTime" : 4452.1,
    "pct2ResTime" : 4708.999999999999,
    "pct3ResTime" : 4866.509999999999,
    "throughput" : 17.40341106856944,
    "receivedKBytesPerSec" : 5.531191535415941,
    "sentKBytesPerSec" : 5.710494256874347
  }
}