{
  "Update Customer" : {
    "transaction" : "Update Customer",
    "sampleCount" : 100,
    "errorCount" : 0,
    "errorPct" : 0.0,
    "meanResTime" : 87.12,
    "medianResTime" : 78.0,
    "minResTime" : 26.0,
    "maxResTime" : 263.0,
    "pct1ResTime" : 138.60000000000002,
    "pct2ResTime" : 174.0,
    "pct3ResTime" : 262.9,
    "throughput" : 124.53300124533001,
    "receivedKBytesPerSec" : 42.07853362391033,
    "sentKBytesPerSec" : 37.82203455790784
  },
  "Create Customer" : {
    "transaction" : "Create Customer",
    "sampleCount" : 100,
    "errorCount" : 0,
    "errorPct" : 0.0,
    "meanResTime" : 45.370000000000005,
    "medianResTime" : 43.5,
    "minResTime" : 6.0,
    "maxResTime" : 79.0,
    "pct1ResTime" : 69.0,
    "pct2ResTime" : 73.0,
    "pct3ResTime" : 78.99,
    "throughput" : 120.33694344163658,
    "receivedKBytesPerSec" : 64.14758197954272,
    "sentKBytesPerSec" : 37.48777827918171
  },
  "Get Customer By ID" : {
    "transaction" : "Get Customer By ID",
    "sampleCount" : 100,
    "errorCount" : 0,
    "errorPct" : 0.0,
    "meanResTime" : 40.14000000000001,
    "medianResTime" : 39.0,
    "minResTime" : 12.0,
    "maxResTime" : 81.0,
    "pct1ResTime" : 59.0,
    "pct2ResTime" : 65.0,
    "pct3ResTime" : 80.99,
    "throughput" : 117.50881316098707,
    "receivedKBytesPerSec" : 39.39758372502938,
    "sentKBytesPerSec" : 27.08210928319624
  },
  "Total" : {
    "transaction" : "Total",
    "sampleCount" : 400,
    "errorCount" : 0,
    "errorPct" : 0.0,
    "meanResTime" : 59.16249999999999,
    "medianResTime" : 53.0,
    "minResTime" : 6.0,
    "maxResTime" : 263.0,
    "pct1ResTime" : 96.90000000000003,
    "pct2ResTime" : 118.94999999999999,
    "pct3ResTime" : 215.58000000000038,
    "throughput" : 413.22314049586777,
    "receivedKBytesPerSec" : 182.861328125,
    "sentKBytesPerSec" : 111.5783186983471
  },
  "Get Customers" : {
    "transaction" : "Get Customers",
    "sampleCount" : 100,
    "errorCount" : 0,
    "errorPct" : 0.0,
    "meanResTime" : 64.02,
    "medianResTime" : 66.0,
    "minResTime" : 25.0,
    "maxResTime" : 127.0,
    "pct1ResTime" : 92.9,
    "pct2ResTime" : 100.94999999999999,
    "pct3ResTime" : 126.90999999999995,
    "throughput" : 110.13215859030836,
    "receivedKBytesPerSec" : 62.09991051762114,
    "sentKBytesPerSec" : 25.812224669603523
  }
}